GV0CP,sadkins,Santiago Adkins,111,sadkins@gmail.com,Anesthesiologist,M,31
MFOY4,nbarrett,Nancy Barrett,111,nbarrett@gmail.com,Financial Advisor,F,28
68UWE,tbates,Tricia Bates,111,tbates@gmail.com,Property Manager,F,27
M1F0S,wbishop,Winifred Bishop,111,wbishop@gmail.com,Management consultant,F,29
BQF12,rbridges,Rafael Bridges,111,rbridges@gmail.com,Business Development Manager,M,27
FBUHG,abrooks,Alison Brooks,111,abrooks@gmail.com,IT Project Manager,F,29
F2YK4,gbrown,Gretchen Brown,111,gbrown@gmail.com,Web Developer,M,30
06VGT,vburns,Verna Burns,111,vburns@gmail.com,Computer Systems Analyst,F,45
R0LSP,acolon,Ada Colon,111,acolon@gmail.com,Food Scientist,F,30
VSFLM,kcraig,Kay Craig,111,kcraig@gmail.com,Event Planner,F,28
GNT91,ocummings,Ollie Cummings,111,ocummings@gmail.com,Microbiologist,M,29
Z10JQ,rcurry,Ralph Curry,111,rcurry@gmail.com,IT in Financial Services Lead Analyst,M,31
RXR4K,ndrake,Nathaniel Drake,111,ndrake@gmail.com,Anesthesiologist,M,27
UCZYD,sfrench,Shelly French,111,sfrench@gmail.com,Psychologist,F,28
A1Y14,jfuller,Jared Fuller,111,jfuller@gmail.com,Director of Corporate Affairs & Company Secretary,M,29
W36VX,egarner,Elijah Garner,111,egarner@gmail.com,Finance Manager,M,29
GZ05U,agarza,Alfonso Garza,111,agarza@gmail.com,Head of Site Merchandising,M,29
L2RCX,ggutierrez,Gene Gutierrez,111,ggutierrez@gmail.com,Publicity Manager,M,31
DVNZR,hharper,Herbert Harper,111,hharper@gmail.com,Senior Chartered Building Surveyor,M,29
D4MSD,ehawkins,Erma Hawkins,111,ehawkins@gmail.com,Geriatrician,F,43
ZDGNW,hholland,Hugo Holland,111,hholland@gmail.com,Mathematician,M,29
BWUZ8,ihudson,Isaac Hudson,111,ihudson@gmail.com,Pathologist,M,45
RZ81I,jkeller,Josephine Keller,111,jkeller@gmail.com,Intensive care specialist,F,43
TGO2Y,kkennedy,Karla Kennedy,111,kkennedy@gmail.com,Meteorologist,F,28
6EX1G,mking,Martha King,111,mking@gmail.com,Medical oncologist,F,43
YAC77,dlarson,Dewey Larson,111,dlarson@gmail.com,Economist,F,28
N519U,tmartin,Timmy Martin,111,tmartin@gmail.com,Software Developer,M,29
8GXYY,jmckinney,Jacob Mckinney,111,jmckinney@gmail.com,Psychologist,M,29
YPPOL,imills,Ira Mills,111,imills@gmail.com,Geriatrician,F,27
IK39Y,mortiz,Mitchell Ortiz,111,mortiz@gmail.com,Computer Support Specialist,M,45
CWC7M,gpena,Gwendolyn Pena,111,gpena@gmail.com,Business Development Manager,F,31
AVMFE,vperez,Velma Perez,111,vperez@gmail.com,Principal Development Officer,F,29
W3BN5,hpotter,Hubert Potter,111,hpotter@gmail.com,General pediatrician,M,43
0ZCF6,dreed,Dana Reed,111,dreed@gmail.com,HR Specialist,F,45
1IVNF,breyes,Beverly Reyes,111,breyes@gmail.com,Pharmacist,F,29
KYTHL,rrichards,Rosa Richards,111,rrichards@gmail.com,Senior HR Business Partner,F,31
WOVET,rrichardson,Regina Richardson,111,rrichardson@gmail.com,Actuary,F,28
JO9DM,brogers,Brandy Rogers,111,brogers@gmail.com,Management consultant,M,28
ZDKTB,brose,Brittany Rose,111,brose@gmail.com,Desktop publisher,F,28
D9I0W,arussell,Angie Russell,111,arussell@gmail.com,Operations Manager,F,29
S6F4F,csandoval,Charlotte Sandoval,111,csandoval@gmail.com,Property Manager,F,29
YNVRL,dsimon,Doreen Simon,111,dsimon@gmail.com,Microbiologist,F,30
JJSOS,rsims,Ron Sims,111,rsims@gmail.com,Immunologist,M,27
J6J2N,espencer,Ebony Spencer,111,espencer@gmail.com,Loan Underwriting Senior Analyst,F,29
CX4IC,mstevens,Molly Stevens,111,mstevens@gmail.com,Cost Estimator,F,45
RJ28N,dstone,Delbert Stone,111,dstone@gmail.com,Computer Hardware Engineer,M,28
Q8E6S,jsummers,Jonathan Summers,111,jsummers@gmail.com,Dentist,M,28
0V1NB,ewalker,Eloise Walker,111,ewalker@gmail.com,Immunologist,F,31
8C7Z4,jwalters,Joel Walters,111,jwalters@gmail.com,Psychiatrist,M,29
8I02M,cwalton,Cedric Walton,111,cwalton@gmail.com,Financial Advisor,M,27
R3E7D,ymorgan,Yolanda Morgan,111,ymorgan@gmail.com,Accounts Executive,M,30
G6J3M,vmoss,Vivian Moss,111,vmoss@gmail.com,Accounts Executive,F,35
XNM92,smcgee,Sophia Mcgee,111,smcgee@gmail.com,Accounts Executive,F,27
7D4OV,acobb,Alex Cobb,111,acobb@gmail.com,Accounts Executive,M,28
TDOAJ,aarmstrong,Alison Armstrong,111,aarmstrong@gmail.com,Accounts Executive,F,29
TEETI,edhawkins,Edward Hawkins,111,edhawkins@gmail.com,Accounts Executive,M,30
LK4CE,glopez,Gene Lopez,111,glopez@gmail.com,Accounts Executive,M,31
C0DBX,rpeterson,Roderick Peterson,111,rpeterson@gmail.com,Advertising specialist,M,32
LMS2L,rbarnes,Rita Barnes,111,rbarnes@gmail.com,Advertising specialist,F,33
HWYIP,tcole,Tasha Cole,111,tcole@gmail.com,Advertising specialist,F,27
RREXR,jcannon,Jake Cannon,111,jcannon@gmail.com,Advertising specialist,M,29
U12I8,agraves,Anthony Graves,111,agraves@gmail.com,Advertising specialist,M,45
QP3DU,sortiz,Stephen Ortiz,111,sortiz@gmail.com,Advertising specialist,M,28
60OJN,sreyes,Sam Reyes,111,sreyes@gmail.com,Advertising specialist,M,28
7XRW2,mwatts,Marilyn Watts,111,mwatts@gmail.com,Aeronautical engineer,F,31
IJ3R3,jpowell,Jean Powell,111,jpowell@gmail.com,Aeronautical engineer,F,29
M3ARA,sduncan,Sean Duncan,111,sduncan@gmail.com,Aeronautical engineer,M,27
25VNX,gbaker,Garrett Baker,111,gbaker@gmail.com,Aeronautical engineer,M,30
MRKYF,rluna,Russell Luna,111,rluna@gmail.com,Aeronautical engineer,M,35
5SIIL,jfleming,Jason Fleming,111,jfleming@gmail.com,Aeronautical engineer,M,27
TLU41,sdixon,Sylvia Dixon,111,sdixon@gmail.com,Aeronautical engineer,F,28
UV1UW,jhenry,Johnnie Henry,111,jhenry@gmail.com,Agricultural scientist,M,29
LNB2I,cbush,Charlotte Bush,111,cbush@gmail.com,Agricultural scientist,F,30
PE16G,aabbott,Archie Abbott,111,aabbott@gmail.com,Agricultural scientist,M,31
S3T2W,lhoward,Lindsey Howard,111,lhoward@gmail.com,Agricultural scientist,F,32
ON6T9,oclark,Olga Clark,111,oclark@gmail.com,Agricultural scientist,F,33
5YX0Q,croberson,Calvin Roberson,111,croberson@gmail.com,Agricultural scientist,M,27
ELEHX,irogers,Irving Rogers,111,irogers@gmail.com,Agricultural scientist,M,29
SUYXQ,frowe,Floyd Rowe,111,frowe@gmail.com,Applied Mechanical Engineer,M,45
ZM1BG,alucas,Angel Lucas,111,alucas@gmail.com,Applied Mechanical Engineer,F,28
61952,mlawrence,Madeline Lawrence,111,mlawrence@gmail.com,Applied Mechanical Engineer,F,28
Z8RES,cpittman,Crystal Pittman,111,cpittman@gmail.com,Applied Mechanical Engineer,F,31
S13BM,abryan,Angelo Bryan,111,abryan@gmail.com,Applied Mechanical Engineer,M,29
LW4N4,shaunmitchell,Shaun Mitchell,111,shaunmitchell@gmail.com,Applied Mechanical Engineer,M,27
3ZXQV,bmaldonado,Bridget Maldonado,111,bmaldonado@gmail.com,Applied Mechanical Engineer,F,30
261O1,cpatterson,Chelsea Patterson,111,cpatterson@gmail.com,Architect,F,35
URRXY,mwebster,Marguerite Webster,111,mwebster@gmail.com,Architect,F,27
X5Z3Z,lhaynes,Lorenzo Haynes,111,lhaynes@gmail.com,Architect,M,28
VUHJ1,jruiz,Jasmine Ruiz,111,jruiz@gmail.com,Architect,F,29
I3L40,mnorman,Mary Norman,111,mnorman@gmail.com,Architect,F,30
D2BI9,wross,Wendy Ross,111,wross@gmail.com,Architect,F,31
3UJS8,mmartinez,Max Martinez,111,mmartinez@gmail.com,Architect,M,32
P1JRY,hbarton,Hubert Barton,111,hbarton@gmail.com,Auditor,M,33
550CW,gphillips,Gail Phillips,111,gphillips@gmail.com,Auditor,M,27
D6DE3,tpena,Tim Pena,111,tpena@gmail.com,Auditor,M,29
H2QEI,lmartin,Lonnie Martin,111,lmartin@gmail.com,Auditor,M,45
MDKWL,ijimenez,Isabel Jimenez,111,ijimenez@gmail.com,Auditor,F,28
LVL3N,hneal,Hattie Neal,111,hneal@gmail.com,Auditor,M,28
J3H6P,rlloyd,Rudy Lloyd,111,rlloyd@gmail.com,Auditor,M,31
M881C,cjames,Carole James,111,cjames@gmail.com,Biotechnologist,F,29
WN6DF,mperry,Marian Perry,111,mperry@gmail.com,Biotechnologist,F,27
68KBF,emendoza,Emma Mendoza,111,emendoza@gmail.com,Biotechnologist,F,30
UEZ40,bowen,Bertha Owen,111,bowen@gmail.com,Biotechnologist,F,35
0PWX8,mbennett,Miguel Bennett,111,mbennett@gmail.com,Biotechnologist,M,27
3X3C6,mtaylor,Marion Taylor,111,mtaylor@gmail.com,Biotechnologist,M,28
1TZPE,bmurray,Brendan Murray,111,bmurray@gmail.com,Biotechnologist,M,29
GDLC8,smyers,Sonia Myers,111,smyers@gmail.com,Botanist,F,30
ML2PP,pwatkins,Pearl Watkins,111,pwatkins@gmail.com,Botanist,F,31
7X216,bosborne,Brandi Osborne,111,bosborne@gmail.com,Botanist,F,32
8K0LM,mpotter,Martha Potter,111,mpotter@gmail.com,Botanist,F,33
532AX,lhansen,Leigh Hansen,111,lhansen@gmail.com,Botanist,F,27
Z1002,sfarmer,Sonja Farmer,111,sfarmer@gmail.com,Botanist,F,29
WIAJI,nfernandez,Nicolas Fernandez,111,nfernandez@gmail.com,Botanist,M,45
9B8XF,sburton,Sherry Burton,111,sburton@gmail.com,Cartographer,F,28
VJYPW,isanders,Isaac Sanders,111,isanders@gmail.com,Cartographer,M,28
1OUQV,tsimpson,Terry Simpson,111,tsimpson@gmail.com,Cartographer,M,31
WBGIK,ageorge,Armando George,111,ageorge@gmail.com,Cartographer,M,29
CLMGD,jglover,Jeannette Glover,111,jglover@gmail.com,Cartographer,F,27
7HE18,doliver,Dorothy Oliver,111,doliver@gmail.com,Cartographer,F,30
NQPQ9,cgriffith,Claire Griffith,111,cgriffith@gmail.com,Cartographer,F,35
MSEMD,wwaters,William Waters,111,wwaters@gmail.com,Chemical engineer,M,27
J1JPI,lwalters,Lloyd Walters,111,lwalters@gmail.com,Chemical engineer,M,28
QYUD4,mdiaz,Maryann Diaz,111,mdiaz@gmail.com,Chemical engineer,F,29
CMPMR,dgray,Dianne Gray,111,dgray@gmail.com,Chemical engineer,F,30
DDCWL,ldawson,Lynne Dawson,111,ldawson@gmail.com,Chemical engineer,F,31
60OS8,ereeves,Eileen Reeves,111,ereeves@gmail.com,Chemical engineer,F,32
BZTFE,wharrington,Walter Harrington,111,wharrington@gmail.com,Chemical engineer,M,33
74TQH,cthompson,Catherine Thompson,111,cthompson@gmail.com,Civil engineer,F,27
LU82S,tlindsey,Theodore Lindsey,111,tlindsey@gmail.com,Civil engineer,M,29
99R9W,mschultz,Miranda Schultz,111,mschultz@gmail.com,Civil engineer,F,45
02XJN,kweaver,Kelly Weaver,111,kweaver@gmail.com,Civil engineer,F,28
OFJUT,lmckinney,Lyle Mckinney,111,lmckinney@gmail.com,Civil engineer,F,28
WRZX6,clpratt,Clarence Pratt,111,clpratt@gmail.com,Civil engineer,M,31
PDG7F,emalone,Earnest Malone,111,emalone@gmail.com,Civil engineer,M,29
06BUC,ecampbell,Eugene Campbell,111,ecampbell@gmail.com,Commercial Lawyer,M,27
TY0M5,tsimon,Tricia Simon,111,tsimon@gmail.com,Commercial Lawyer,F,30
48ZCE,wbanks,Woodrow Banks,111,wbanks@gmail.com,Commercial Lawyer,M,35
X49QJ,sholloway,Sandy Holloway,111,sholloway@gmail.com,Commercial Lawyer,F,27
PGA1C,fnunez,Florence Nunez,111,fnunez@gmail.com,Commercial Lawyer,F,28
87A8D,dfrancis,Deanna Francis,111,dfrancis@gmail.com,Commercial Lawyer,F,29
ETGFI,jwoods,Jana Woods,111,jwoods@gmail.com,Commercial Lawyer,F,30
G1JKA,bhardy,Blake Hardy,111,bhardy@gmail.com,Computer engineer,F,31
7QAYI,moniking,Monica King,111,moniking@gmail.com,Computer engineer,F,32
UWP4Q,kbarker,Kendra Barker,111,kbarker@gmail.com,Computer engineer,F,33
YVWI6,srhodes,Sammy Rhodes,111,srhodes@gmail.com,Computer engineer,M,27
Q432Q,pcain,Patsy Cain,111,pcain@gmail.com,Computer engineer,F,29
5ROKV,kcox,Kathy Cox,111,kcox@gmail.com,Computer engineer,F,45
QDLQJ,ilewis,Iris Lewis,111,ilewis@gmail.com,Computer engineer,F,28
29JQ0,jancross,Jan Cross,111,jancross@gmail.com,Conference and event organiser,F,28
QE7NE,alynch,Amber Lynch,111,alynch@gmail.com,Conference and event organiser,F,31
ZA0V5,bebowers,Becky Bowers,111,bebowers@gmail.com,Conference and event organiser,F,29
JZA1R,slee,Sophie Lee,111,slee@gmail.com,Conference and event organiser,F,27
ORMFD,ojames,Oscar James,111,ojames@gmail.com,Conference and event organiser,M,30
ZDAVX,tmanning,Tommy Manning,111,tmanning@gmail.com,Conference and event organiser,M,35
QEEQC,nreynolds,Nellie Reynolds,111,nreynolds@gmail.com,Conference and event organiser,M,27
75C31,cfleming,Crystal Fleming,111,cfleming@gmail.com,Copywriter,F,28
34MGX,crhodes,Cody Rhodes,111,crhodes@gmail.com,Copywriter,M,29
AIFB6,jsimon,Jerald Simon,111,jsimon@gmail.com,Copywriter,M,30
DDYV2,staylor,Stuart Taylor,111,staylor@gmail.com,Copywriter,M,31
HM0VN,jsalazar,Jerome Salazar,111,jsalazar@gmail.com,Copywriter,M,32
R38S3,awilson,Anna Wilson,111,awilson@gmail.com,Copywriter,F,33
TGX5P,cballard,Charles Ballard,111,cballard@gmail.com,Copywriter,M,27
9PCHP,tmann,Tonya Mann,111,tmann@gmail.com,Corporate Solicitor,M,29
C35L5,jharmon,Jonathon Harmon,111,jharmon@gmail.com,Corporate Solicitor,M,45
HHKH6,ljefferson,Lisa Jefferson,111,ljefferson@gmail.com,Corporate Solicitor,F,28
CYZI7,mhenderson,Mona Henderson,111,mhenderson@gmail.com,Corporate Solicitor,F,28
E1XBS,whale,Wendy Hale,111,whale@gmail.com,Corporate Solicitor,F,31
ARI75,judwalters,Judith Walters,111,judwalters@gmail.com,Corporate Solicitor,F,29
SUKVD,ahill,Anne Hill,111,ahill@gmail.com,Corporate Solicitor,F,27
3BG8L,fbanks,Franklin Banks,111,fbanks@gmail.com,Developer programmer,F,30
6L8SP,mporter,Mable Porter,111,mporter@gmail.com,Developer programmer,F,35
KMBM7,fblair,Freddie Blair,111,fblair@gmail.com,Developer programmer,M,27
CCIJ4,bwilliams,Bertha Williams,111,bwilliams@gmail.com,Developer programmer,F,28
8XMJK,rgill,Rosa Gill,111,rgill@gmail.com,Developer programmer,F,29
4H551,hfuller,Holly Fuller,111,hfuller@gmail.com,Developer programmer,F,30
LPM6U,hwells,Harold Wells,111,hwells@gmail.com,Developer programmer,M,31
I67F6,llogan,Lonnie Logan,111,llogan@gmail.com,Environmental research scientist,M,32
A1189,csummers,Carrie Summers,111,csummers@gmail.com,Environmental research scientist,F,33
XBKQ2,lweaver,Luke Weaver,111,lweaver@gmail.com,Environmental research scientist,M,28
ZTMIA,crogers,Cheryl Rogers,111,crogers@gmail.com,Environmental research scientist,F,27
5F7QZ,csanders,Charlie Sanders,111,csanders@gmail.com,Environmental research scientist,M,29
M2K8F,bchavez,Brian Chavez,111,bchavez@gmail.com,Environmental research scientist,M,45
T25JX,lsilva,Leland Silva,111,lsilva@gmail.com,Environmental research scientist,M,28
1OVKR,kflores,Kelvin Flores,111,kflores@gmail.com,Epidemiologist,M,28
MKAVY,pbaker,Pete Baker,111,pbaker@gmail.com,Epidemiologist,M,31
B24H1,dmurray,Dexter Murray,111,dmurray@gmail.com,Epidemiologist,M,29
EZONJ,ccooper,Constance Cooper,111,ccooper@gmail.com,Epidemiologist,M,27
WJZHT,dcarter,Doris Carter,111,dcarter@gmail.com,Epidemiologist,F,30
7R4WI,ghunter,Gerard Hunter,111,ghunter@gmail.com,Epidemiologist,M,35
NJXKA,rsaunders,Rosemarie Saunders,111,rsaunders@gmail.com,Epidemiologist,F,27
W7SFV,lgregory,Lawrence Gregory,111,lgregory@gmail.com,Fashion designer,M,28
91CPU,etate,Eunice Tate,111,etate@gmail.com,Fashion designer,F,29
91SAD,gmarsh,George Marsh,111,gmarsh@gmail.com,Fashion designer,M,30
VL7HR,rellis,Ruth Ellis,111,rellis@gmail.com,Fashion designer,F,31
DSU0G,dpatton,Donna Patton,111,dpatton@gmail.com,Fashion designer,F,32
TRWNP,grodriquez,Ginger Rodriquez,111,grodriquez@gmail.com,Fashion designer,M,33
S77J2,vjohnston,Vanessa Johnston,111,vjohnston@gmail.com,Fashion designer,F,31
94MSK,emorton,Eugene Morton,111,emorton@gmail.com,Film and video producer,M,28
EXKZE,jpope,Jermaine Pope,111,jpope@gmail.com,Film and video producer,F,27
E7GV8,acain,Alison Cain,111,acain@gmail.com,Film and video producer,F,29
XD746,chouston,Cynthia Houston,111,chouston@gmail.com,Film and video producer,F,27
ORH9L,mpadilla,Melvin Padilla,111,mpadilla@gmail.com,Film and video producer,M,29
9WBVD,pgonzales,Priscilla Gonzales,111,pgonzales@gmail.com,Film and video producer,F,30
TDGZ4,jsims,Jan Sims,111,jsims@gmail.com,Film and video producer,F,45
UV865,fhunt,Frederick Hunt,111,fhunt@gmail.com,Film Director,M,30
K1BLU,hcarlson,Howard Carlson,111,hcarlson@gmail.com,Film Director,M,28
E9BGA,jwilkerson,Jon Wilkerson,111,jwilkerson@gmail.com,Film Director,M,29
3NZ9X,thammond,Timmy Hammond,111,thammond@gmail.com,Film Director,M,31
3DFGI,bcrawford,Bobbie Crawford,111,bcrawford@gmail.com,Film Director,M,27
VT3XY,dmyers,Darnell Myers,111,dmyers@gmail.com,Film Director,M,28
44W1L,lthomas,Lillian Thomas,111,lthomas@gmail.com,Film Director,F,29
C6C61,hortiz,Horace Ortiz,111,hortiz@gmail.com,Financial Controller,M,29
S53A9,shopkins,Shannon Hopkins,111,shopkins@gmail.com,Financial Controller,F,29
TXZDB,clloyd,Christine Lloyd,111,clloyd@gmail.com,Financial Controller,F,31
P600D,kpratt,Kelly Pratt,111,kpratt@gmail.com,Financial Controller,F,29
C9D4B,jjones,Jaime Jones,111,jjones@gmail.com,Financial Controller,M,43
6HO9B,ddixon,Dallas Dixon,111,ddixon@gmail.com,Financial Controller,M,29
98I6O,testrada,Tyrone Estrada,111,testrada@gmail.com,Financial Controller,M,45
TJNX7,rtran,Rose Tran,111,rtran@gmail.com,Food technologist,F,43
0I158,jfox,Jorge Fox,111,jfox@gmail.com,Food technologist,M,28
WMW0N,rharris,Randy Harris,111,rharris@gmail.com,Food technologist,M,43
KWRDB,dedwards,Delbert Edwards,111,dedwards@gmail.com,Food technologist,M,28
1ZGT1,gcarson,Garry Carson,111,gcarson@gmail.com,Food technologist,M,29
Z8E0M,cfrank,Carlos Frank,111,cfrank@gmail.com,Food technologist,M,29
ZOQ8V,jmorris,Jean Morris,111,jmorris@gmail.com,Food technologist,M,27
9YGJG,aschwartz,Amy Schwartz,111,aschwartz@gmail.com,Forensic Accountant,F,45
A0A08,jcollins,Julie Collins,111,jcollins@gmail.com,Forensic Accountant,F,31
URMDO,kcannon,Karen Cannon,111,kcannon@gmail.com,Forensic Accountant,F,29
154R4,aholloway,Alice Holloway,111,aholloway@gmail.com,Forensic Accountant,F,43
X2URM,flarson,Faith Larson,111,flarson@gmail.com,Forensic Accountant,F,45
76C03,esharp,Ella Sharp,111,esharp@gmail.com,Forensic Accountant,F,29
4ROKX,jjennings,Julian Jennings,111,jjennings@gmail.com,Forensic Accountant,F,31
A53KX,jmcdaniel,Jan Mcdaniel,111,jmcdaniel@gmail.com,Forensic scientist,F,28
QH3FA,thiggins,Tiffany Higgins,111,thiggins@gmail.com,Forensic scientist,F,28
5ZTDM,aparsons,Andre Parsons,111,aparsons@gmail.com,Forensic scientist,M,28
AJJE4,bryan,Ben Ryan,111,bryan@gmail.com,Forensic scientist,M,29
B3BCU,akim,Angelica Kim,111,akim@gmail.com,Forensic scientist,F,29
TUAGN,rgreer,Rex Greer,111,rgreer@gmail.com,Forensic scientist,M,30
PS9HV,cburgess,Carroll Burgess,111,cburgess@gmail.com,Forensic scientist,F,27
J2WH9,ipayne,Irvin Payne,111,ipayne@gmail.com,General Accountant,M,29
HV1B9,ejacobs,Emilio Jacobs,111,ejacobs@gmail.com,General Accountant,M,45
OTMQR,choffman,Cameron Hoffman,111,choffman@gmail.com,General Accountant,M,28
ZLGCK,spowers,Sara Powers,111,spowers@gmail.com,General Accountant,F,28
ZTBUZ,mgardner,Marian Gardner,111,mgardner@gmail.com,General Accountant,M,31
J1O5G,tross,Terrell Ross,111,tross@gmail.com,General Accountant,M,29
CLZSR,stwest,Stewart West,111,stwest@gmail.com,General Accountant,M,27
ZDOKS,ryoung,Robyn Young,111,ryoung@gmail.com,Geologist,F,30
NP5VG,bchambers,Bethany Chambers,111,bchambers@gmail.com,Geologist,F,35
JY54A,osimpson,Olive Simpson,111,osimpson@gmail.com,Geologist,F,27
WJIUO,mmoore,Marguerite Moore,111,mmoore@gmail.com,Geologist,M,28
P3B1A,jcohen,Jennie Cohen,111,jcohen@gmail.com,Geologist,F,29
SXM8F,lsantos,Lowell Santos,111,lsantos@gmail.com,Geologist,M,30
E28XH,msimmons,Mathew Simmons,111,msimmons@gmail.com,Geologist,M,31
GBIUI,abarton,Austin Barton,111,abarton@gmail.com,Geophysicist,M,32
SQ2GR,aholmes,Adrian Holmes,111,aholmes@gmail.com,Geophysicist,M,33
UQIRQ,tbryan,Troy Bryan,111,tbryan@gmail.com,Geophysicist,M,27
GIAEU,jroberts,Judith Roberts,111,jroberts@gmail.com,Geophysicist,F,29
4IP5F,mgross,Misty Gross,111,mgross@gmail.com,Geophysicist,M,45
Z0B4V,fcarter,Franklin Carter,111,fcarter@gmail.com,Geophysicist,M,28
0NXB0,kleonard,Katherine Leonard,111,kleonard@gmail.com,Geophysicist,F,28
9V3DD,tpatton,Tracy Patton,111,tpatton@gmail.com,Geotechnical engineer,F,31
BGIJ7,egutierrez,Esther Gutierrez,111,egutierrez@gmail.com,Geotechnical engineer,F,29
D882Z,klarson,Keith Larson,111,klarson@gmail.com,Geotechnical engineer,M,27
1MTLZ,kholt,Karen Holt,111,kholt@gmail.com,Geotechnical engineer,F,30
IVMMV,jbrock,Jan Brock,111,jbrock@gmail.com,Geotechnical engineer,F,35
ZOU5M,emay,Eloise May,111,emay@gmail.com,Geotechnical engineer,F,27
Q1NY2,ejimenez,Erin Jimenez,111,ejimenez@gmail.com,Geotechnical engineer,F,28
OMWW4,jcrawford,Jasmine Crawford,111,jcrawford@gmail.com,Graphic designer,F,29
OTJ57,hicarlson,Hilda Carlson,111,hicarlson@gmail.com,Graphic designer,F,30
IVW5R,arogers,Alvin Rogers,111,arogers@gmail.com,Graphic designer,M,31
N10QU,ielliott,Ivan Elliott,111,ielliott@gmail.com,Graphic designer,M,32
V4MJ7,avega,Agnes Vega,111,avega@gmail.com,Graphic designer,F,33
VJLVS,ggriffin,Gerardo Griffin,111,ggriffin@gmail.com,Graphic designer,M,27
IJWR6,bhawkins,Blanca Hawkins,111,bhawkins@gmail.com,Graphic designer,F,29
DGJWQ,ealvarado,Edith Alvarado,111,ealvarado@gmail.com,Health Lawyer,F,45
L71ZK,mwaters,Maureen Waters,111,mwaters@gmail.com,Health Lawyer,F,28
LFAIG,fkennedy,Faith Kennedy,111,fkennedy@gmail.com,Health Lawyer,F,28
AAO29,gward,Gladys Ward,111,gward@gmail.com,Health Lawyer,F,31
YYIOS,wday,Wade Day,111,wday@gmail.com,Health Lawyer,M,29
LUHFL,kvasquez,Kimberly Vasquez,111,kvasquez@gmail.com,Health Lawyer,F,27
0SSIS,nmassey,Nina Massey,111,nmassey@gmail.com,Health Lawyer,F,30
9BFI2,afitzgerald,Allan Fitzgerald,111,afitzgerald@gmail.com,Industrial designer,M,35
ESS8A,lmason,Lynn Mason,111,lmason@gmail.com,Industrial designer,F,27
7KX65,ecollier,Elaine Collier,111,ecollier@gmail.com,Industrial designer,F,28
LNIQL,rreynolds,Rodolfo Reynolds,111,rreynolds@gmail.com,Industrial designer,M,29
UCY7U,lsteele,Leonard Steele,111,lsteele@gmail.com,Industrial designer,M,30
QXHZ4,nnichols,Nicole Nichols,111,nnichols@gmail.com,Industrial designer,F,31
4UM7Y,cfranklin,Courtney Franklin,111,cfranklin@gmail.com,Industrial designer,F,32
WH82N,ogarcia,Orville Garcia,111,ogarcia@gmail.com,Interior designer,M,33
PCE0H,dwarner,Doyle Warner,111,dwarner@gmail.com,Interior designer,M,27
NTTBS,rdavis,Raul Davis,111,rdavis@gmail.com,Interior designer,M,29
BCRQH,hmedina,Harvey Medina,111,hmedina@gmail.com,Interior designer,M,45
SVSH2,rhughes,Rogelio Hughes,111,rhughes@gmail.com,Interior designer,M,28
T43L6,csherman,Clifton Sherman,111,csherman@gmail.com,Interior designer,M,28
P6790,jchapman,Jimmy Chapman,111,jchapman@gmail.com,Interior designer,M,31
FCFLS,bbanks,Belinda Banks,111,bbanks@gmail.com,IT manager,F,29
8FZU7,erios,Eula Rios,111,erios@gmail.com,IT manager,M,27
Y2T86,ablack,Ashley Black,111,ablack@gmail.com,IT manager,M,30
EEXIE,jlane,Juanita Lane,111,jlane@gmail.com,IT manager,F,35
3GGU4,scummings,Samantha Cummings,111,scummings@gmail.com,IT manager,F,27
6O8NW,olittle,Oscar Little,111,olittle@gmail.com,IT manager,M,28
LDDGE,tgarner,Tomas Garner,111,tgarner@gmail.com,IT manager,M,29
ZX933,esimpson,Essie Simpson,111,esimpson@gmail.com,IT systems test engineer,F,30
JRTRZ,gmorton,Gregory Morton,111,gmorton@gmail.com,IT systems test engineer,M,31
CJ431,bhall,Brent Hall,111,bhall@gmail.com,IT systems test engineer,M,32
K8IPR,krichardson,Kristy Richardson,111,krichardson@gmail.com,IT systems test engineer,F,33
5JFKC,wreed,Woodrow Reed,111,wreed@gmail.com,IT systems test engineer,M,27
99YNO,hgardner,Henry Gardner,111,hgardner@gmail.com,IT systems test engineer,M,29
V6TMZ,swest,Sadie West,111,swest@gmail.com,IT systems test engineer,F,45
NOZOS,mtownsend,Melody Townsend,111,mtownsend@gmail.com,Journalist,F,28
UJS5L,smack,Shannon Mack,111,smack@gmail.com,Journalist,F,28
ARQ79,jpayne,Jo Payne,111,jpayne@gmail.com,Journalist,F,31
X51BP,hking,Harry King,111,hking@gmail.com,Journalist,M,29
0262E,bburgess,Brian Burgess,111,bburgess@gmail.com,Journalist,M,27
9FVRH,bphillips,Barry Phillips,111,bphillips@gmail.com,Journalist,M,30
QLZZ0,ehowell,Eugene Howell,111,ehowell@gmail.com,Journalist,M,35
TJSDP,chicks,Candace Hicks,111,chicks@gmail.com,Lawyer,M,27
MCP65,ybush,Yvette Bush,111,ybush@gmail.com,Lawyer,M,28
DTENS,kgarrett,Kent Garrett,111,kgarrett@gmail.com,Lawyer,M,29
BP0N6,iduncan,Ian Duncan,111,iduncan@gmail.com,Lawyer,M,30
2M9X1,efoster,Ellen Foster,111,efoster@gmail.com,Lawyer,F,31
OOMLE,fcraig,Fernando Craig,111,fcraig@gmail.com,Lawyer,M,32
0MQ3S,dallison,Derek Allison,111,dallison@gmail.com,Lawyer,M,33
IIIHU,rdouglas,Randal Douglas,111,rdouglas@gmail.com,Legal Researcher,M,27
6IQM2,jrodriquez,Jeremy Rodriquez,111,jrodriquez@gmail.com,Legal Researcher,M,29
MEDEN,lperez,Lance Perez,111,lperez@gmail.com,Legal Researcher,M,45
M92AP,kcarroll,Kate Carroll,111,kcarroll@gmail.com,Legal Researcher,F,28
A3H2B,jlynch,Javier Lynch,111,jlynch@gmail.com,Legal Researcher,M,28
GHJ7R,kchavez,Kelley Chavez,111,kchavez@gmail.com,Legal Researcher,M,31
2O9S4,awelch,Andrew Welch,111,awelch@gmail.com,Legal Researcher,M,29
32LE9,psanchez,Patty Sanchez,111,psanchez@gmail.com,Litigator,F,27
8M80W,jhopkins,Josephine Hopkins,111,jhopkins@gmail.com,Litigator,F,30
FHLGM,gbaldwin,Grady Baldwin,111,gbaldwin@gmail.com,Litigator,M,35
LVWYW,bschneider,Boyd Schneider,111,bschneider@gmail.com,Litigator,M,27
GBB7R,pmendoza,Paula Mendoza,111,pmendoza@gmail.com,Litigator,F,28
IZWQX,nwilliamson,Nancy Williamson,111,nwilliamson@gmail.com,Litigator,F,29
H8WR0,cfarmer,Cecilia Farmer,111,cfarmer@gmail.com,Litigator,F,30
F9GHE,hrivera,Hope Rivera,111,hrivera@gmail.com,Magazine editor,F,31
K9DL6,bluna,Bruce Luna,111,bluna@gmail.com,Magazine editor,M,32
J1YIH,lunderwood,Luz Underwood,111,lunderwood@gmail.com,Magazine editor,M,33
EPYV9,mdoyle,Mattie Doyle,111,mdoyle@gmail.com,Magazine editor,M,27
QI31M,cmiles,Chad Miles,111,cmiles@gmail.com,Magazine editor,M,29
S0102,kgreer,Kelli Greer,111,kgreer@gmail.com,Magazine editor,F,45
W4DEL,msandoval,Maggie Sandoval,111,msandoval@gmail.com,Magazine editor,F,28
KEVH6,aallen,Alison Allen,111,aallen@gmail.com,Management Accountant,F,28
56RP7,lwillis,Leo Willis,111,lwillis@gmail.com,Management Accountant,M,31
EFB1R,rkelly,Roberta Kelly,111,rkelly@gmail.com,Management Accountant,F,29
AT6E7,ewoods,Eduardo Woods,111,ewoods@gmail.com,Management Accountant,M,27
04R76,mwade,Malcolm Wade,111,mwade@gmail.com,Management Accountant,M,30
FWP80,jfigueroa,Jeff Figueroa,111,jfigueroa@gmail.com,Management Accountant,M,35
UJULV,dpadilla,Darnell Padilla,111,dpadilla@gmail.com,Management Accountant,M,27
CDFU2,lgreen,Lydia Green,111,lgreen@gmail.com,Marine biologist,F,28
JFY6G,lnorton,Lorena Norton,111,lnorton@gmail.com,Marine biologist,F,29
UW682,apratt,Angel Pratt,111,apratt@gmail.com,Marine biologist,F,30
0C3LM,nevans,Norma Evans,111,nevans@gmail.com,Marine biologist,M,31
HQ9MA,phill,Pedro Hill,111,phill@gmail.com,Marine biologist,M,32
NM98R,iburke,Ivan Burke,111,iburke@gmail.com,Marine biologist,M,33
SBPC4,dsherman,Deanna Sherman,111,dsherman@gmail.com,Marine biologist,F,27
H2037,erodriguez,Ernestine Rodriguez,111,erodriguez@gmail.com,Market research analyst,F,29
EAAPU,freeves,Floyd Reeves,111,freeves@gmail.com,Market research analyst,M,45
9TGV9,jnewman,Jo Newman,111,jnewman@gmail.com,Market research analyst,F,28
W344X,nbarton,Natalie Barton,111,nbarton@gmail.com,Market research analyst,F,28
KUO1F,hpowell,Hope Powell,111,hpowell@gmail.com,Market research analyst,F,31
75ZB0,priley,Peter Riley,111,priley@gmail.com,Market research analyst,M,29
BWGO9,mchambers,Marty Chambers,111,mchambers@gmail.com,Market research analyst,M,27
RXV3W,ibaker,Ignacio Baker,111,ibaker@gmail.com,Marketing specialist,M,30
SANI7,aking,Angela King,111,aking@gmail.com,Marketing specialist,F,35
FV3N4,jfoster,Julius Foster,111,jfoster@gmail.com,Marketing specialist,M,27
LE962,kmoss,Kenny Moss,111,kmoss@gmail.com,Marketing specialist,M,28
58AWF,owalters,Orville Walters,111,owalters@gmail.com,Marketing specialist,M,29
JNX0R,award,Andy Ward,111,award@gmail.com,Marketing specialist,M,30
B1143,mgreene,Merle Greene,111,mgreene@gmail.com,Marketing specialist,M,31
JQ9KG,msingleton,Megan Singleton,111,msingleton@gmail.com,Materials engineer,F,32
12PIG,mperez,Mitchell Perez,111,mperez@gmail.com,Materials engineer,M,33
N8W99,bbowers,Brandy Bowers,111,bbowers@gmail.com,Materials engineer,M,28
7P31C,amiller,Archie Miller,111,amiller@gmail.com,Materials engineer,M,27
0975X,lmyers,Lila Myers,111,lmyers@gmail.com,Materials engineer,F,29
QX889,smitchell,Sherri Mitchell,111,smitchell@gmail.com,Materials engineer,F,45
M3USZ,wfields,Wesley Fields,111,wfields@gmail.com,Materials engineer,M,28
0AIGR,rday,Ronald Day,111,rday@gmail.com,Mechanical engineer,M,28
UE3T4,ohale,Orlando Hale,111,ohale@gmail.com,Mechanical engineer,M,31
KLNIE,gclayton,Gary Clayton,111,gclayton@gmail.com,Mechanical engineer,M,29
EVDHW,eroberts,Ellis Roberts,111,eroberts@gmail.com,Mechanical engineer,M,27
BX921,dolson,Darryl Olson,111,dolson@gmail.com,Mechanical engineer,M,30
E6G6R,terickson,Todd Erickson,111,terickson@gmail.com,Mechanical engineer,M,35
G5QU5,pnunez,Patsy Nunez,111,pnunez@gmail.com,Mechanical engineer,M,27
MR1EL,lharmon,Lorene Harmon,111,lharmon@gmail.com,Medical laboratory scientist,M,28
WBGZW,kcarter,Kurt Carter,111,kcarter@gmail.com,Medical laboratory scientist,M,29
LU2TH,epowers,Edith Powers,111,epowers@gmail.com,Medical laboratory scientist,F,30
EGDGK,bbrady,Belinda Brady,111,bbrady@gmail.com,Medical laboratory scientist,F,31
EV2DT,pfrazier,Phil Frazier,111,pfrazier@gmail.com,Medical laboratory scientist,M,32
QYMEV,cnorris,Cody Norris,111,cnorris@gmail.com,Medical laboratory scientist,M,33
8POVP,tnorman,Toni Norman,111,tnorman@gmail.com,Medical laboratory scientist,F,31
CLJE6,operkins,Oliver Perkins,111,operkins@gmail.com,Meteorologist,M,28
VEPN9,cdiaz,Cindy Diaz,111,cdiaz@gmail.com,Meteorologist,F,27
A0819,wbarnes,Woodrow Barnes,111,wbarnes@gmail.com,Meteorologist,M,29
DV9LP,cmclaughlin,Cecil Mclaughlin,111,cmclaughlin@gmail.com,Meteorologist,F,27
91MZS,rschmidt,Rebecca Schmidt,111,rschmidt@gmail.com,Meteorologist,F,29
SSF3L,mmorton,Malcolm Morton,111,mmorton@gmail.com,Meteorologist,M,30
EG3YV,kbutler,Kenneth Butler,111,kbutler@gmail.com,Meteorologist,M,45
55W75,rdixon,Roy Dixon,111,rdixon@gmail.com,Microbiologist,M,30
P5XB5,dcopeland,Dale Copeland,111,dcopeland@gmail.com,Microbiologist,M,28
JH6RW,lgarrett,Lauren Garrett,111,lgarrett@gmail.com,Microbiologist,F,29
O503H,amanning,Alberto Manning,111,amanning@gmail.com,Microbiologist,M,31
FARUV,dhorton,Dennis Horton,111,dhorton@gmail.com,Microbiologist,M,27
LQ1V9,pvasquez,Perry Vasquez,111,pvasquez@gmail.com,Microbiologist,M,28
IG0TE,jcross,Jeannie Cross,111,jcross@gmail.com,Microbiologist,F,29
8VW09,mkelly,Marc Kelly,111,mkelly@gmail.com,Multimedia specialist,M,29
7GTZJ,ecastillo,Emilio Castillo,111,ecastillo@gmail.com,Multimedia specialist,M,29
B6H5E,ebarnett,Eula Barnett,111,ebarnett@gmail.com,Multimedia specialist,M,31
K5MCL,cdrake,Carl Drake,111,cdrake@gmail.com,Multimedia specialist,M,29
H2AFD,fwilkerson,Fannie Wilkerson,111,fwilkerson@gmail.com,Multimedia specialist,F,43
EFXTD,epatterson,Emma Patterson,111,epatterson@gmail.com,Multimedia specialist,F,29
RBTF1,jhampton,Jana Hampton,111,jhampton@gmail.com,Multimedia specialist,M,45
0UD0W,ancolon,Andrew Colon,111,ancolon@gmail.com,Pharmacologist,M,43
K2J42,dwagner,Donald Wagner,111,dwagner@gmail.com,Pharmacologist,M,28
WQ53U,aphelps,Abraham Phelps,111,aphelps@gmail.com,Pharmacologist,M,43
3HNF4,kmarshall,Kim Marshall,111,kmarshall@gmail.com,Pharmacologist,F,28
VRIQ4,pshelton,Patty Shelton,111,pshelton@gmail.com,Pharmacologist,F,29
5RH28,chenderson,Cecelia Henderson,111,chenderson@gmail.com,Pharmacologist,F,29
6KM7E,aortiz,Alfred Ortiz,111,aortiz@gmail.com,Pharmacologist,M,27
OBZB0,vbenson,Victor Benson,111,vbenson@gmail.com,Photographer,M,45
TGY75,mbradley,Myron Bradley,111,mbradley@gmail.com,Photographer,M,31
HVZ4I,wpark,Wilma Park,111,wpark@gmail.com,Photographer,F,29
KGOPO,eharvey,Elsie Harvey,111,eharvey@gmail.com,Photographer,F,43
5QPS4,bstokes,Benjamin Stokes,111,bstokes@gmail.com,Photographer,M,45
E1FHS,vrivera,Vicki Rivera,111,vrivera@gmail.com,Photographer,F,29
48S7E,bbrewer,Bobbie Brewer,111,bbrewer@gmail.com,Photographer,M,31
UE4G2,sparsons,Stephanie Parsons,111,sparsons@gmail.com,Political scientist,F,28
QF0UU,mmurray,Melody Murray,111,mmurray@gmail.com,Political scientist,F,28
RM2PK,llloyd,Lela Lloyd,111,llloyd@gmail.com,Political scientist,M,28
LHILS,jgarcia,Javier Garcia,111,jgarcia@gmail.com,Political scientist,F,29
RJP2V,lpayne,Lorraine Payne,111,lpayne@gmail.com,Political scientist,F,29
6NC83,tallison,Tracey Allison,111,tallison@gmail.com,Political scientist,F,30
0HR6P,cholt,Connie Holt,111,cholt@gmail.com,Political scientist,F,27
C9R7M,btran,Brooke Tran,111,btran@gmail.com,Radio producer,F,29
JT8AX,anichols,Anthony Nichols,111,anichols@gmail.com,Radio producer,M,45
NY8BQ,thicks,Thelma Hicks,111,thicks@gmail.com,Radio producer,F,28
WYM9J,ekeller,Ernest Keller,111,ekeller@gmail.com,Radio producer,M,28
I13LN,jschneider,Jeremy Schneider,111,jschneider@gmail.com,Radio producer,M,31
HQ2T3,klewis,Kristin Lewis,111,klewis@gmail.com,Radio producer,F,29
0CTZH,istewart,Isabel Stewart,111,istewart@gmail.com,Radio producer,F,27
ML6ZK,ywashington,Yvonne Washington,111,ywashington@gmail.com,Script editor,F,30
PNSZT,egill,Erick Gill,111,egill@gmail.com,Script editor,M,35
RJPAB,lbeck,Lester Beck,111,lbeck@gmail.com,Script editor,M,27
9CDEQ,gturner,Geraldine Turner,111,gturner@gmail.com,Script editor,F,28
NOK6A,rgoodman,Rick Goodman,111,rgoodman@gmail.com,Script editor,M,29
VYO9U,slove,Shelia Love,111,slove@gmail.com,Script editor,F,30
8WSDA,dneal,Deborah Neal,111,dneal@gmail.com,Script editor,F,31
KLEEE,kcampbell,Kristopher Campbell,111,kcampbell@gmail.com,Set designer,M,32
Z7THA,ljimenez,Lindsay Jimenez,111,ljimenez@gmail.com,Set designer,F,33
LMOIX,obrock,Orville Brock,111,obrock@gmail.com,Set designer,M,27
ZFMJ0,cpratt,Christopher Pratt,111,cpratt@gmail.com,Set designer,M,29
ZKBOV,khernandez,Kelly Hernandez,111,khernandez@gmail.com,Set designer,F,45
XY9XV,rlong,Ramon Long,111,rlong@gmail.com,Set designer,M,28
DF27A,jphillips,Johnnie Phillips,111,jphillips@gmail.com,Set designer,M,28
9WBEP,rfleming,Rudy Fleming,111,rfleming@gmail.com,Sound engineer,M,31
2.20E+15,lbryant,Lorraine Bryant,111,lbryant@gmail.com,Sound engineer,F,29
OSF9O,mgarner,Mable Garner,111,mgarner@gmail.com,Sound engineer,F,27
PH8CC,lhale,Lucy Hale,111,lhale@gmail.com,Sound engineer,F,30
OB5C7,mmckinney,Marta Mckinney,111,mmckinney@gmail.com,Sound engineer,F,35
WEN0J,jrhodes,Jerry Rhodes,111,jrhodes@gmail.com,Sound engineer,M,27
PJYAS,ilawson,Ida Lawson,111,ilawson@gmail.com,Statistician,F,28
BHDYW,lbarton,Luis Barton,111,lbarton@gmail.com,Statistician,M,29
5H5IB,ojennings,Omar Jennings,111,ojennings@gmail.com,Systems analyst,M,30
VXH47,dortega,Doug Ortega,111,dortega@gmail.com,Systems analyst,M,31
RRM9V,lwoods,Lucas Woods,111,lwoods@gmail.com,Systems analyst,M,32
MAZUX,ecurtis,Edmund Curtis,111,ecurtis@gmail.com,Systems analyst,M,33
YPH0V,mholt,Madeline Holt,111,mholt@gmail.com,Systems analyst,F,27
IEL5Z,lhines,Lynn Hines,111,lhines@gmail.com,Systems analyst,F,29
5PT93,cmccoy,Carlton Mccoy,111,cmccoy@gmail.com,Systems analyst,M,45
Z6PVC,ltyler,Lynette Tyler,111,ltyler@gmail.com,Telecommunications engineer,F,28
F0HGU,jthompson,Juan Thompson,111,jthompson@gmail.com,Telecommunications engineer,M,28
GUUWT,rhayes,Ron Hayes,111,rhayes@gmail.com,Telecommunications engineer,M,31
VWTFB,jevans,Jackie Evans,111,jevans@gmail.com,Telecommunications engineer,M,29
1IYYZ,bgibson,Bobbie Gibson,111,bgibson@gmail.com,Telecommunications engineer,M,27
NZQZ6,dmcgee,Diane Mcgee,111,dmcgee@gmail.com,Telecommunications engineer,F,30
QNXIE,grodriguez,Guadalupe Rodriguez,111,grodriguez@gmail.com,Telecommunications engineer,M,35
GYI0A,njefferson,Nellie Jefferson,111,njefferson@gmail.com,Treasury Executive,M,27
8IPE1,jgoodwin,Jackie Goodwin,111,jgoodwin@gmail.com,Treasury Executive,M,28
WWH4Y,mwalton,Maria Walton,111,mwalton@gmail.com,Treasury Executive,F,29
K49KE,shunter,Stephen Hunter,111,shunter@gmail.com,Treasury Executive,M,30
BP21F,fweber,Frankie Weber,111,fweber@gmail.com,Treasury Executive,M,31
Y5FDS,dcummings,Dana Cummings,111,dcummings@gmail.com,Treasury Executive,F,32
40OCV,salvarez,Stanley Alvarez,111,salvarez@gmail.com,Treasury Executive,M,33
V1ALB,apotter,Antoinette Potter,111,apotter@gmail.com,Urban Planner,M,27
L5WYY,mperkins,Marcos Perkins,111,mperkins@gmail.com,Urban Planner,M,29
YL0I4,rbell,Rose Bell,111,rbell@gmail.com,Urban Planner,F,45
RYNSJ,khammond,Kimberly Hammond,111,khammond@gmail.com,Urban Planner,F,28
BHJI9,mpage,Marshall Page,111,mpage@gmail.com,Urban Planner,M,28
EH43Y,jjensen,Jacquelyn Jensen,111,jjensen@gmail.com,Urban Planner,M,31
DQ5JO,mblake,Melvin Blake,111,mblake@gmail.com,Urban Planner,M,29
6ANT6,lhudson,Lauren Hudson,111,lhudson@gmail.com,Web designer,F,27
0KTE2,jklein,Jordan Klein,111,jklein@gmail.com,Web designer,M,30
YTQRW,mfletcher,Milton Fletcher,111,mfletcher@gmail.com,Web designer,M,35
METLD,fallison,Freddie Allison,111,fallison@gmail.com,Web designer,M,27
NDBVL,epena,Evan Pena,111,epena@gmail.com,Web designer,M,28
TFNYY,kdunn,Ken Dunn,111,kdunn@gmail.com,Web designer,M,29
TEGIG,pcarpenter,Phyllis Carpenter,111,pcarpenter@gmail.com,Web designer,M,30
AZMVH,emaldonado,Erin Maldonado,111,emaldonado@gmail.com,Web designer,F,31
